File name, Expose DP comm, Expose DP_EP comm, Expose TP comm, Expose_EP_comm, Expose_PP_comm, bubble time, total comp, total exposed comm, Total time
test1, 0 (0.00%), 0 (0.00%), 24674 (4.86%), 0 (0.00%), 0 (0.00%), 507678 (100.00%), 483003 (95.14%), 24675 (4.86%), 507679
layer_name,test1,fwd compute,wg compute,ig compute,fwd exposed comm,wg exposed comm,ig exposed comm,fwd total comm,algbw,busbw,wg total comm,algbw,busbw,ig total comm,algbw,busbw,workload finished at
attention_norm,test1,236.435000,0.000000,0.000000,0.000000,0.000000,0.000000,0.000000,-nan,0.000000,0.000000,-nan,0.000000,0.000000,-nan,0.000000,507678.592000
attention_layer,test1,2910.067000,0.000000,0.000000,192.769000,0.000000,0.000000,192.769000,405.277832,405.277832,0.000000,-nan,0.000000,0.000000,-nan,0.000000,507678.592000
mlp_norm,test1,236.208000,0.000000,0.000000,0.000000,0.000000,0.000000,0.000000,-nan,0.000000,0.000000,-nan,0.000000,0.000000,-nan,0.000000,507678.592000
dense_mlp,test1,4164.218000,0.000000,0.000000,192.769000,0.000000,0.000000,192.769000,405.277832,405.277832,0.000000,-nan,0.000000,0.000000,-nan,0.000000,507678.592000
attention_norm,test1,236.435000,0.000000,0.000000,0.000000,0.000000,0.000000,0.000000,-nan,0.000000,0.000000,-nan,0.000000,0.000000,-nan,0.000000,507678.592000
attention_layer,test1,2910.067000,0.000000,0.000000,192.769000,0.000000,0.000000,192.769000,405.277832,405.277832,0.000000,-nan,0.000000,0.000000,-nan,0.000000,507678.592000
mlp_norm,test1,236.208000,0.000000,0.000000,0.000000,0.000000,0.000000,0.000000,-nan,0.000000,0.000000,-nan,0.000000,0.000000,-nan,0.000000,507678.592000
dense_mlp,test1,4164.218000,0.000000,0.000000,192.769000,0.000000,0.000000,192.769000,405.277832,405.277832,0.000000,-nan,0.000000,0.000000,-nan,0.000000,507678.592000
attention_norm,test1,236.435000,0.000000,0.000000,0.000000,0.000000,0.000000,0.000000,-nan,0.000000,0.000000,-nan,0.000000,0.000000,-nan,0.000000,507678.592000
attention_layer,test1,2910.067000,0.000000,0.000000,192.769000,0.000000,0.000000,192.769000,405.277832,405.277832,0.000000,-nan,0.000000,0.000000,-nan,0.000000,507678.592000
mlp_norm,test1,236.208000,0.000000,0.000000,0.000000,0.000000,0.000000,0.000000,-nan,0.000000,0.000000,-nan,0.000000,0.000000,-nan,0.000000,507678.592000
dense_mlp,test1,4164.218000,0.000000,0.000000,192.769000,0.000000,0.000000,192.769000,405.277832,405.277832,0.000000,-nan,0.000000,0.000000,-nan,0.000000,507678.592000
attention_norm,test1,236.435000,0.000000,0.000000,0.000000,0.000000,0.000000,0.000000,-nan,0.000000,0.000000,-nan,0.000000,0.000000,-nan,0.000000,507678.592000
attention_layer,test1,2910.067000,0.000000,0.000000,192.769000,0.000000,0.000000,192.769000,405.277832,405.277832,0.000000,-nan,0.000000,0.000000,-nan,0.000000,507678.592000
mlp_norm,test1,236.208000,0.000000,0.000000,0.000000,0.000000,0.000000,0.000000,-nan,0.000000,0.000000,-nan,0.000000,0.000000,-nan,0.000000,507678.592000
dense_mlp,test1,4164.218000,0.000000,0.000000,192.769000,0.000000,0.000000,192.769000,405.277832,405.277832,0.000000,-nan,0.000000,0.000000,-nan,0.000000,507678.592000
attention_norm,test1,236.435000,0.000000,0.000000,0.000000,0.000000,0.000000,0.000000,-nan,0.000000,0.000000,-nan,0.000000,0.000000,-nan,0.000000,507678.592000
attention_layer,test1,2910.067000,0.000000,0.000000,192.769000,0.000000,0.000000,192.769000,405.277832,405.277832,0.000000,-nan,0.000000,0.000000,-nan,0.000000,507678.592000
mlp_norm,test1,236.208000,0.000000,0.000000,0.000000,0.000000,0.000000,0.000000,-nan,0.000000,0.000000,-nan,0.000000,0.000000,-nan,0.000000,507678.592000
dense_mlp,test1,4164.218000,0.000000,0.000000,192.769000,0.000000,0.000000,192.769000,405.277832,405.277832,0.000000,-nan,0.000000,0.000000,-nan,0.000000,507678.592000
attention_norm,test1,236.435000,0.000000,0.000000,0.000000,0.000000,0.000000,0.000000,-nan,0.000000,0.000000,-nan,0.000000,0.000000,-nan,0.000000,507678.592000
attention_layer,test1,2910.067000,0.000000,0.000000,192.769000,0.000000,0.000000,192.769000,405.277832,405.277832,0.000000,-nan,0.000000,0.000000,-nan,0.000000,507678.592000
mlp_norm,test1,236.208000,0.000000,0.000000,0.000000,0.000000,0.000000,0.000000,-nan,0.000000,0.000000,-nan,0.000000,0.000000,-nan,0.000000,507678.592000
dense_mlp,test1,4164.218000,0.000000,0.000000,192.769000,0.000000,0.000000,192.769000,405.277832,405.277832,0.000000,-nan,0.000000,0.000000,-nan,0.000000,507678.592000
attention_norm,test1,236.435000,0.000000,0.000000,0.000000,0.000000,0.000000,0.000000,-nan,0.000000,0.000000,-nan,0.000000,0.000000,-nan,0.000000,507678.592000
attention_layer,test1,2910.067000,0.000000,0.000000,192.769000,0.000000,0.000000,192.769000,405.277832,405.277832,0.000000,-nan,0.000000,0.000000,-nan,0.000000,507678.592000
mlp_norm,test1,236.208000,0.000000,0.000000,0.000000,0.000000,0.000000,0.000000,-nan,0.000000,0.000000,-nan,0.000000,0.000000,-nan,0.000000,507678.592000
dense_mlp,test1,4164.218000,0.000000,0.000000,192.769000,0.000000,0.000000,192.769000,405.277832,405.277832,0.000000,-nan,0.000000,0.000000,-nan,0.000000,507678.592000
attention_norm,test1,236.435000,0.000000,0.000000,0.000000,0.000000,0.000000,0.000000,-nan,0.000000,0.000000,-nan,0.000000,0.000000,-nan,0.000000,507678.592000
attention_layer,test1,2910.067000,0.000000,0.000000,192.769000,0.000000,0.000000,192.769000,405.277832,405.277832,0.000000,-nan,0.000000,0.000000,-nan,0.000000,507678.592000
mlp_norm,test1,236.208000,0.000000,0.000000,0.000000,0.000000,0.000000,0.000000,-nan,0.000000,0.000000,-nan,0.000000,0.000000,-nan,0.000000,507678.592000
dense_mlp,test1,4164.218000,0.000000,0.000000,192.769000,0.000000,0.000000,192.769000,405.277832,405.277832,0.000000,-nan,0.000000,0.000000,-nan,0.000000,507678.592000
attention_norm,test1,236.435000,0.000000,0.000000,0.000000,0.000000,0.000000,0.000000,-nan,0.000000,0.000000,-nan,0.000000,0.000000,-nan,0.000000,507678.592000
attention_layer,test1,2910.067000,0.000000,0.000000,192.769000,0.000000,0.000000,192.769000,405.277832,405.277832,0.000000,-nan,0.000000,0.000000,-nan,0.000000,507678.592000
mlp_norm,test1,236.208000,0.000000,0.000000,0.000000,0.000000,0.000000,0.000000,-nan,0.000000,0.000000,-nan,0.000000,0.000000,-nan,0.000000,507678.592000
dense_mlp,test1,4164.218000,0.000000,0.000000,192.769000,0.000000,0.000000,192.769000,405.277832,405.277832,0.000000,-nan,0.000000,0.000000,-nan,0.000000,507678.592000
attention_norm,test1,236.435000,0.000000,0.000000,0.000000,0.000000,0.000000,0.000000,-nan,0.000000,0.000000,-nan,0.000000,0.000000,-nan,0.000000,507678.592000
attention_layer,test1,2910.067000,0.000000,0.000000,192.769000,0.000000,0.000000,192.769000,405.277832,405.277832,0.000000,-nan,0.000000,0.000000,-nan,0.000000,507678.592000
mlp_norm,test1,236.208000,0.000000,0.000000,0.000000,0.000000,0.000000,0.000000,-nan,0.000000,0.000000,-nan,0.000000,0.000000,-nan,0.000000,507678.592000
dense_mlp,test1,4164.218000,0.000000,0.000000,192.769000,0.000000,0.000000,192.769000,405.277832,405.277832,0.000000,-nan,0.000000,0.000000,-nan,0.000000,507678.592000
attention_norm,test1,236.435000,0.000000,0.000000,0.000000,0.000000,0.000000,0.000000,-nan,0.000000,0.000000,-nan,0.000000,0.000000,-nan,0.000000,507678.592000
attention_layer,test1,2910.067000,0.000000,0.000000,192.769000,0.000000,0.000000,192.769000,405.277832,405.277832,0.000000,-nan,0.000000,0.000000,-nan,0.000000,507678.592000
mlp_norm,test1,236.208000,0.000000,0.000000,0.000000,0.000000,0.000000,0.000000,-nan,0.000000,0.000000,-nan,0.000000,0.000000,-nan,0.000000,507678.592000
dense_mlp,test1,4164.218000,0.000000,0.000000,192.769000,0.000000,0.000000,192.769000,405.277832,405.277832,0.000000,-nan,0.000000,0.000000,-nan,0.000000,507678.592000
attention_norm,test1,236.435000,0.000000,0.000000,0.000000,0.000000,0.000000,0.000000,-nan,0.000000,0.000000,-nan,0.000000,0.000000,-nan,0.000000,507678.592000
attention_layer,test1,2910.067000,0.000000,0.000000,192.769000,0.000000,0.000000,192.769000,405.277832,405.277832,0.000000,-nan,0.000000,0.000000,-nan,0.000000,507678.592000
mlp_norm,test1,236.208000,0.000000,0.000000,0.000000,0.000000,0.000000,0.000000,-nan,0.000000,0.000000,-nan,0.000000,0.000000,-nan,0.000000,507678.592000
dense_mlp,test1,4164.218000,0.000000,0.000000,192.769000,0.000000,0.000000,192.769000,405.277832,405.277832,0.000000,-nan,0.000000,0.000000,-nan,0.000000,507678.592000
attention_norm,test1,236.435000,0.000000,0.000000,0.000000,0.000000,0.000000,0.000000,-nan,0.000000,0.000000,-nan,0.000000,0.000000,-nan,0.000000,507678.592000
attention_layer,test1,2910.067000,0.000000,0.000000,192.769000,0.000000,0.000000,192.769000,405.277832,405.277832,0.000000,-nan,0.000000,0.000000,-nan,0.000000,507678.592000
mlp_norm,test1,236.208000,0.000000,0.000000,0.000000,0.000000,0.000000,0.000000,-nan,0.000000,0.000000,-nan,0.000000,0.000000,-nan,0.000000,507678.592000
dense_mlp,test1,4164.218000,0.000000,0.000000,192.769000,0.000000,0.000000,192.769000,405.277832,405.277832,0.000000,-nan,0.000000,0.000000,-nan,0.000000,507678.592000
attention_norm,test1,236.435000,0.000000,0.000000,0.000000,0.000000,0.000000,0.000000,-nan,0.000000,0.000000,-nan,0.000000,0.000000,-nan,0.000000,507678.592000
attention_layer,test1,2910.067000,0.000000,0.000000,192.769000,0.000000,0.000000,192.769000,405.277832,405.277832,0.000000,-nan,0.000000,0.000000,-nan,0.000000,507678.592000
mlp_norm,test1,236.208000,0.000000,0.000000,0.000000,0.000000,0.000000,0.000000,-nan,0.000000,0.000000,-nan,0.000000,0.000000,-nan,0.000000,507678.592000
dense_mlp,test1,4164.218000,0.000000,0.000000,192.769000,0.000000,0.000000,192.769000,405.277832,405.277832,0.000000,-nan,0.000000,0.000000,-nan,0.000000,507678.592000
attention_norm,test1,236.435000,0.000000,0.000000,0.000000,0.000000,0.000000,0.000000,-nan,0.000000,0.000000,-nan,0.000000,0.000000,-nan,0.000000,507678.592000
attention_layer,test1,2910.067000,0.000000,0.000000,192.769000,0.000000,0.000000,192.769000,405.277832,405.277832,0.000000,-nan,0.000000,0.000000,-nan,0.000000,507678.592000
mlp_norm,test1,236.208000,0.000000,0.000000,0.000000,0.000000,0.000000,0.000000,-nan,0.000000,0.000000,-nan,0.000000,0.000000,-nan,0.000000,507678.592000
dense_mlp,test1,4164.218000,0.000000,0.000000,192.769000,0.000000,0.000000,192.769000,405.277832,405.277832,0.000000,-nan,0.000000,0.000000,-nan,0.000000,507678.592000
attention_norm,test1,236.435000,0.000000,0.000000,0.000000,0.000000,0.000000,0.000000,-nan,0.000000,0.000000,-nan,0.000000,0.000000,-nan,0.000000,507678.592000
attention_layer,test1,2910.067000,0.000000,0.000000,192.769000,0.000000,0.000000,192.769000,405.277832,405.277832,0.000000,-nan,0.000000,0.000000,-nan,0.000000,507678.592000
mlp_norm,test1,236.208000,0.000000,0.000000,0.000000,0.000000,0.000000,0.000000,-nan,0.000000,0.000000,-nan,0.000000,0.000000,-nan,0.000000,507678.592000
dense_mlp,test1,4164.218000,0.000000,0.000000,192.769000,0.000000,0.000000,192.769000,405.277832,405.277832,0.000000,-nan,0.000000,0.000000,-nan,0.000000,507678.592000
attention_norm,test1,236.435000,0.000000,0.000000,0.000000,0.000000,0.000000,0.000000,-nan,0.000000,0.000000,-nan,0.000000,0.000000,-nan,0.000000,507678.592000
attention_layer,test1,2910.067000,0.000000,0.000000,192.769000,0.000000,0.000000,192.769000,405.277832,405.277832,0.000000,-nan,0.000000,0.000000,-nan,0.000000,507678.592000
mlp_norm,test1,236.208000,0.000000,0.000000,0.000000,0.000000,0.000000,0.000000,-nan,0.000000,0.000000,-nan,0.000000,0.000000,-nan,0.000000,507678.592000
dense_mlp,test1,4164.218000,0.000000,0.000000,192.769000,0.000000,0.000000,192.769000,405.277832,405.277832,0.000000,-nan,0.000000,0.000000,-nan,0.000000,507678.592000
attention_norm,test1,236.435000,0.000000,0.000000,0.000000,0.000000,0.000000,0.000000,-nan,0.000000,0.000000,-nan,0.000000,0.000000,-nan,0.000000,507678.592000
attention_layer,test1,2910.067000,0.000000,0.000000,192.769000,0.000000,0.000000,192.769000,405.277832,405.277832,0.000000,-nan,0.000000,0.000000,-nan,0.000000,507678.592000
mlp_norm,test1,236.208000,0.000000,0.000000,0.000000,0.000000,0.000000,0.000000,-nan,0.000000,0.000000,-nan,0.000000,0.000000,-nan,0.000000,507678.592000
dense_mlp,test1,4164.218000,0.000000,0.000000,192.769000,0.000000,0.000000,192.769000,405.277832,405.277832,0.000000,-nan,0.000000,0.000000,-nan,0.000000,507678.592000
attention_norm,test1,236.435000,0.000000,0.000000,0.000000,0.000000,0.000000,0.000000,-nan,0.000000,0.000000,-nan,0.000000,0.000000,-nan,0.000000,507678.592000
attention_layer,test1,2910.067000,0.000000,0.000000,192.769000,0.000000,0.000000,192.769000,405.277832,405.277832,0.000000,-nan,0.000000,0.000000,-nan,0.000000,507678.592000
mlp_norm,test1,236.208000,0.000000,0.000000,0.000000,0.000000,0.000000,0.000000,-nan,0.000000,0.000000,-nan,0.000000,0.000000,-nan,0.000000,507678.592000
dense_mlp,test1,4164.218000,0.000000,0.000000,192.769000,0.000000,0.000000,192.769000,405.277832,405.277832,0.000000,-nan,0.000000,0.000000,-nan,0.000000,507678.592000
attention_norm,test1,236.435000,0.000000,0.000000,0.000000,0.000000,0.000000,0.000000,-nan,0.000000,0.000000,-nan,0.000000,0.000000,-nan,0.000000,507678.592000
attention_layer,test1,2910.067000,0.000000,0.000000,192.769000,0.000000,0.000000,192.769000,405.277832,405.277832,0.000000,-nan,0.000000,0.000000,-nan,0.000000,507678.592000
mlp_norm,test1,236.208000,0.000000,0.000000,0.000000,0.000000,0.000000,0.000000,-nan,0.000000,0.000000,-nan,0.000000,0.000000,-nan,0.000000,507678.592000
dense_mlp,test1,4164.218000,0.000000,0.000000,192.769000,0.000000,0.000000,192.769000,405.277832,405.277832,0.000000,-nan,0.000000,0.000000,-nan,0.000000,507678.592000
attention_norm,test1,236.435000,0.000000,0.000000,0.000000,0.000000,0.000000,0.000000,-nan,0.000000,0.000000,-nan,0.000000,0.000000,-nan,0.000000,507678.592000
attention_layer,test1,2910.067000,0.000000,0.000000,192.769000,0.000000,0.000000,192.769000,405.277832,405.277832,0.000000,-nan,0.000000,0.000000,-nan,0.000000,507678.592000
mlp_norm,test1,236.208000,0.000000,0.000000,0.000000,0.000000,0.000000,0.000000,-nan,0.000000,0.000000,-nan,0.000000,0.000000,-nan,0.000000,507678.592000
dense_mlp,test1,4164.218000,0.000000,0.000000,192.769000,0.000000,0.000000,192.769000,405.277832,405.277832,0.000000,-nan,0.000000,0.000000,-nan,0.000000,507678.592000
attention_norm,test1,236.435000,0.000000,0.000000,0.000000,0.000000,0.000000,0.000000,-nan,0.000000,0.000000,-nan,0.000000,0.000000,-nan,0.000000,507678.592000
attention_layer,test1,2910.067000,0.000000,0.000000,192.769000,0.000000,0.000000,192.769000,405.277832,405.277832,0.000000,-nan,0.000000,0.000000,-nan,0.000000,507678.592000
mlp_norm,test1,236.208000,0.000000,0.000000,0.000000,0.000000,0.000000,0.000000,-nan,0.000000,0.000000,-nan,0.000000,0.000000,-nan,0.000000,507678.592000
dense_mlp,test1,4164.218000,0.000000,0.000000,192.769000,0.000000,0.000000,192.769000,405.277832,405.277832,0.000000,-nan,0.000000,0.000000,-nan,0.000000,507678.592000
attention_norm,test1,236.435000,0.000000,0.000000,0.000000,0.000000,0.000000,0.000000,-nan,0.000000,0.000000,-nan,0.000000,0.000000,-nan,0.000000,507678.592000
attention_layer,test1,2910.067000,0.000000,0.000000,192.769000,0.000000,0.000000,192.769000,405.277832,405.277832,0.000000,-nan,0.000000,0.000000,-nan,0.000000,507678.592000
mlp_norm,test1,236.208000,0.000000,0.000000,0.000000,0.000000,0.000000,0.000000,-nan,0.000000,0.000000,-nan,0.000000,0.000000,-nan,0.000000,507678.592000
dense_mlp,test1,4164.218000,0.000000,0.000000,192.769000,0.000000,0.000000,192.769000,405.277832,405.277832,0.000000,-nan,0.000000,0.000000,-nan,0.000000,507678.592000
attention_norm,test1,236.435000,0.000000,0.000000,0.000000,0.000000,0.000000,0.000000,-nan,0.000000,0.000000,-nan,0.000000,0.000000,-nan,0.000000,507678.592000
attention_layer,test1,2910.067000,0.000000,0.000000,192.769000,0.000000,0.000000,192.769000,405.277832,405.277832,0.000000,-nan,0.000000,0.000000,-nan,0.000000,507678.592000
mlp_norm,test1,236.208000,0.000000,0.000000,0.000000,0.000000,0.000000,0.000000,-nan,0.000000,0.000000,-nan,0.000000,0.000000,-nan,0.000000,507678.592000
dense_mlp,test1,4164.218000,0.000000,0.000000,192.769000,0.000000,0.000000,192.769000,405.277832,405.277832,0.000000,-nan,0.000000,0.000000,-nan,0.000000,507678.592000
attention_norm,test1,236.435000,0.000000,0.000000,0.000000,0.000000,0.000000,0.000000,-nan,0.000000,0.000000,-nan,0.000000,0.000000,-nan,0.000000,507678.592000
attention_layer,test1,2910.067000,0.000000,0.000000,192.769000,0.000000,0.000000,192.769000,405.277832,405.277832,0.000000,-nan,0.000000,0.000000,-nan,0.000000,507678.592000
mlp_norm,test1,236.208000,0.000000,0.000000,0.000000,0.000000,0.000000,0.000000,-nan,0.000000,0.000000,-nan,0.000000,0.000000,-nan,0.000000,507678.592000
dense_mlp,test1,4164.218000,0.000000,0.000000,192.769000,0.000000,0.000000,192.769000,405.277832,405.277832,0.000000,-nan,0.000000,0.000000,-nan,0.000000,507678.592000
attention_norm,test1,236.435000,0.000000,0.000000,0.000000,0.000000,0.000000,0.000000,-nan,0.000000,0.000000,-nan,0.000000,0.000000,-nan,0.000000,507678.592000
attention_layer,test1,2910.067000,0.000000,0.000000,192.769000,0.000000,0.000000,192.769000,405.277832,405.277832,0.000000,-nan,0.000000,0.000000,-nan,0.000000,507678.592000
mlp_norm,test1,236.208000,0.000000,0.000000,0.000000,0.000000,0.000000,0.000000,-nan,0.000000,0.000000,-nan,0.000000,0.000000,-nan,0.000000,507678.592000
dense_mlp,test1,4164.218000,0.000000,0.000000,192.769000,0.000000,0.000000,192.769000,405.277832,405.277832,0.000000,-nan,0.000000,0.000000,-nan,0.000000,507678.592000
attention_norm,test1,236.435000,0.000000,0.000000,0.000000,0.000000,0.000000,0.000000,-nan,0.000000,0.000000,-nan,0.000000,0.000000,-nan,0.000000,507678.592000
attention_layer,test1,2910.067000,0.000000,0.000000,192.769000,0.000000,0.000000,192.769000,405.277832,405.277832,0.000000,-nan,0.000000,0.000000,-nan,0.000000,507678.592000
mlp_norm,test1,236.208000,0.000000,0.000000,0.000000,0.000000,0.000000,0.000000,-nan,0.000000,0.000000,-nan,0.000000,0.000000,-nan,0.000000,507678.592000
dense_mlp,test1,4164.218000,0.000000,0.000000,192.769000,0.000000,0.000000,192.769000,405.277832,405.277832,0.000000,-nan,0.000000,0.000000,-nan,0.000000,507678.592000
attention_norm,test1,236.435000,0.000000,0.000000,0.000000,0.000000,0.000000,0.000000,-nan,0.000000,0.000000,-nan,0.000000,0.000000,-nan,0.000000,507678.592000
attention_layer,test1,2910.067000,0.000000,0.000000,192.769000,0.000000,0.000000,192.769000,405.277832,405.277832,0.000000,-nan,0.000000,0.000000,-nan,0.000000,507678.592000
mlp_norm,test1,236.208000,0.000000,0.000000,0.000000,0.000000,0.000000,0.000000,-nan,0.000000,0.000000,-nan,0.000000,0.000000,-nan,0.000000,507678.592000
dense_mlp,test1,4164.218000,0.000000,0.000000,192.769000,0.000000,0.000000,192.769000,405.277832,405.277832,0.000000,-nan,0.000000,0.000000,-nan,0.000000,507678.592000
attention_norm,test1,236.435000,0.000000,0.000000,0.000000,0.000000,0.000000,0.000000,-nan,0.000000,0.000000,-nan,0.000000,0.000000,-nan,0.000000,507678.592000
attention_layer,test1,2910.067000,0.000000,0.000000,192.769000,0.000000,0.000000,192.769000,405.277832,405.277832,0.000000,-nan,0.000000,0.000000,-nan,0.000000,507678.592000
mlp_norm,test1,236.208000,0.000000,0.000000,0.000000,0.000000,0.000000,0.000000,-nan,0.000000,0.000000,-nan,0.000000,0.000000,-nan,0.000000,507678.592000
dense_mlp,test1,4164.218000,0.000000,0.000000,192.769000,0.000000,0.000000,192.769000,405.277832,405.277832,0.000000,-nan,0.000000,0.000000,-nan,0.000000,507678.592000
attention_norm,test1,236.435000,0.000000,0.000000,0.000000,0.000000,0.000000,0.000000,-nan,0.000000,0.000000,-nan,0.000000,0.000000,-nan,0.000000,507678.592000
attention_layer,test1,2910.067000,0.000000,0.000000,192.769000,0.000000,0.000000,192.769000,405.277832,405.277832,0.000000,-nan,0.000000,0.000000,-nan,0.000000,507678.592000
mlp_norm,test1,236.208000,0.000000,0.000000,0.000000,0.000000,0.000000,0.000000,-nan,0.000000,0.000000,-nan,0.000000,0.000000,-nan,0.000000,507678.592000
dense_mlp,test1,4164.218000,0.000000,0.000000,192.769000,0.000000,0.000000,192.769000,405.277832,405.277832,0.000000,-nan,0.000000,0.000000,-nan,0.000000,507678.592000
attention_norm,test1,236.435000,0.000000,0.000000,0.000000,0.000000,0.000000,0.000000,-nan,0.000000,0.000000,-nan,0.000000,0.000000,-nan,0.000000,507678.592000
attention_layer,test1,2910.067000,0.000000,0.000000,192.769000,0.000000,0.000000,192.769000,405.277832,405.277832,0.000000,-nan,0.000000,0.000000,-nan,0.000000,507678.592000
mlp_norm,test1,236.208000,0.000000,0.000000,0.000000,0.000000,0.000000,0.000000,-nan,0.000000,0.000000,-nan,0.000000,0.000000,-nan,0.000000,507678.592000
dense_mlp,test1,4164.218000,0.000000,0.000000,192.769000,0.000000,0.000000,192.769000,405.277832,405.277832,0.000000,-nan,0.000000,0.000000,-nan,0.000000,507678.592000
attention_norm,test1,236.435000,0.000000,0.000000,0.000000,0.000000,0.000000,0.000000,-nan,0.000000,0.000000,-nan,0.000000,0.000000,-nan,0.000000,507678.592000
attention_layer,test1,2910.067000,0.000000,0.000000,192.769000,0.000000,0.000000,192.769000,405.277832,405.277832,0.000000,-nan,0.000000,0.000000,-nan,0.000000,507678.592000
mlp_norm,test1,236.208000,0.000000,0.000000,0.000000,0.000000,0.000000,0.000000,-nan,0.000000,0.000000,-nan,0.000000,0.000000,-nan,0.000000,507678.592000
dense_mlp,test1,4164.218000,0.000000,0.000000,192.769000,0.000000,0.000000,192.769000,405.277832,405.277832,0.000000,-nan,0.000000,0.000000,-nan,0.000000,507678.592000
attention_norm,test1,236.435000,0.000000,0.000000,0.000000,0.000000,0.000000,0.000000,-nan,0.000000,0.000000,-nan,0.000000,0.000000,-nan,0.000000,507678.592000
attention_layer,test1,2910.067000,0.000000,0.000000,192.769000,0.000000,0.000000,192.769000,405.277832,405.277832,0.000000,-nan,0.000000,0.000000,-nan,0.000000,507678.592000
mlp_norm,test1,236.208000,0.000000,0.000000,0.000000,0.000000,0.000000,0.000000,-nan,0.000000,0.000000,-nan,0.000000,0.000000,-nan,0.000000,507678.592000
dense_mlp,test1,4164.218000,0.000000,0.000000,192.769000,0.000000,0.000000,192.769000,405.277832,405.277832,0.000000,-nan,0.000000,0.000000,-nan,0.000000,507678.592000
attention_norm,test1,236.435000,0.000000,0.000000,0.000000,0.000000,0.000000,0.000000,-nan,0.000000,0.000000,-nan,0.000000,0.000000,-nan,0.000000,507678.592000
attention_layer,test1,2910.067000,0.000000,0.000000,192.769000,0.000000,0.000000,192.769000,405.277832,405.277832,0.000000,-nan,0.000000,0.000000,-nan,0.000000,507678.592000
mlp_norm,test1,236.208000,0.000000,0.000000,0.000000,0.000000,0.000000,0.000000,-nan,0.000000,0.000000,-nan,0.000000,0.000000,-nan,0.000000,507678.592000
dense_mlp,test1,4164.218000,0.000000,0.000000,192.769000,0.000000,0.000000,192.769000,405.277832,405.277832,0.000000,-nan,0.000000,0.000000,-nan,0.000000,507678.592000
attention_norm,test1,236.435000,0.000000,0.000000,0.000000,0.000000,0.000000,0.000000,-nan,0.000000,0.000000,-nan,0.000000,0.000000,-nan,0.000000,507678.592000
attention_layer,test1,2910.067000,0.000000,0.000000,192.769000,0.000000,0.000000,192.769000,405.277832,405.277832,0.000000,-nan,0.000000,0.000000,-nan,0.000000,507678.592000
mlp_norm,test1,236.208000,0.000000,0.000000,0.000000,0.000000,0.000000,0.000000,-nan,0.000000,0.000000,-nan,0.000000,0.000000,-nan,0.000000,507678.592000
dense_mlp,test1,4164.218000,0.000000,0.000000,192.769000,0.000000,0.000000,192.769000,405.277832,405.277832,0.000000,-nan,0.000000,0.000000,-nan,0.000000,507678.592000
attention_norm,test1,236.435000,0.000000,0.000000,0.000000,0.000000,0.000000,0.000000,-nan,0.000000,0.000000,-nan,0.000000,0.000000,-nan,0.000000,507678.592000
attention_layer,test1,2910.067000,0.000000,0.000000,192.769000,0.000000,0.000000,192.769000,405.277832,405.277832,0.000000,-nan,0.000000,0.000000,-nan,0.000000,507678.592000
mlp_norm,test1,236.208000,0.000000,0.000000,0.000000,0.000000,0.000000,0.000000,-nan,0.000000,0.000000,-nan,0.000000,0.000000,-nan,0.000000,507678.592000
dense_mlp,test1,4164.218000,0.000000,0.000000,192.769000,0.000000,0.000000,192.769000,405.277832,405.277832,0.000000,-nan,0.000000,0.000000,-nan,0.000000,507678.592000
attention_norm,test1,236.435000,0.000000,0.000000,0.000000,0.000000,0.000000,0.000000,-nan,0.000000,0.000000,-nan,0.000000,0.000000,-nan,0.000000,507678.592000
attention_layer,test1,2910.067000,0.000000,0.000000,192.769000,0.000000,0.000000,192.769000,405.277832,405.277832,0.000000,-nan,0.000000,0.000000,-nan,0.000000,507678.592000
mlp_norm,test1,236.208000,0.000000,0.000000,0.000000,0.000000,0.000000,0.000000,-nan,0.000000,0.000000,-nan,0.000000,0.000000,-nan,0.000000,507678.592000
dense_mlp,test1,4164.218000,0.000000,0.000000,192.769000,0.000000,0.000000,192.769000,405.277832,405.277832,0.000000,-nan,0.000000,0.000000,-nan,0.000000,507678.592000
attention_norm,test1,236.435000,0.000000,0.000000,0.000000,0.000000,0.000000,0.000000,-nan,0.000000,0.000000,-nan,0.000000,0.000000,-nan,0.000000,507678.592000
attention_layer,test1,2910.067000,0.000000,0.000000,192.769000,0.000000,0.000000,192.769000,405.277832,405.277832,0.000000,-nan,0.000000,0.000000,-nan,0.000000,507678.592000
mlp_norm,test1,236.208000,0.000000,0.000000,0.000000,0.000000,0.000000,0.000000,-nan,0.000000,0.000000,-nan,0.000000,0.000000,-nan,0.000000,507678.592000
dense_mlp,test1,4164.218000,0.000000,0.000000,192.769000,0.000000,0.000000,192.769000,405.277832,405.277832,0.000000,-nan,0.000000,0.000000,-nan,0.000000,507678.592000
attention_norm,test1,236.435000,0.000000,0.000000,0.000000,0.000000,0.000000,0.000000,-nan,0.000000,0.000000,-nan,0.000000,0.000000,-nan,0.000000,507678.592000
attention_layer,test1,2910.067000,0.000000,0.000000,192.769000,0.000000,0.000000,192.769000,405.277832,405.277832,0.000000,-nan,0.000000,0.000000,-nan,0.000000,507678.592000
mlp_norm,test1,236.208000,0.000000,0.000000,0.000000,0.000000,0.000000,0.000000,-nan,0.000000,0.000000,-nan,0.000000,0.000000,-nan,0.000000,507678.592000
dense_mlp,test1,4164.218000,0.000000,0.000000,192.769000,0.000000,0.000000,192.769000,405.277832,405.277832,0.000000,-nan,0.000000,0.000000,-nan,0.000000,507678.592000
attention_norm,test1,236.435000,0.000000,0.000000,0.000000,0.000000,0.000000,0.000000,-nan,0.000000,0.000000,-nan,0.000000,0.000000,-nan,0.000000,507678.592000
attention_layer,test1,2910.067000,0.000000,0.000000,192.769000,0.000000,0.000000,192.769000,405.277832,405.277832,0.000000,-nan,0.000000,0.000000,-nan,0.000000,507678.592000
mlp_norm,test1,236.208000,0.000000,0.000000,0.000000,0.000000,0.000000,0.000000,-nan,0.000000,0.000000,-nan,0.000000,0.000000,-nan,0.000000,507678.592000
dense_mlp,test1,4164.218000,0.000000,0.000000,192.769000,0.000000,0.000000,192.769000,405.277832,405.277832,0.000000,-nan,0.000000,0.000000,-nan,0.000000,507678.592000
attention_norm,test1,236.435000,0.000000,0.000000,0.000000,0.000000,0.000000,0.000000,-nan,0.000000,0.000000,-nan,0.000000,0.000000,-nan,0.000000,507678.592000
attention_layer,test1,2910.067000,0.000000,0.000000,192.769000,0.000000,0.000000,192.769000,405.277832,405.277832,0.000000,-nan,0.000000,0.000000,-nan,0.000000,507678.592000
mlp_norm,test1,236.208000,0.000000,0.000000,0.000000,0.000000,0.000000,0.000000,-nan,0.000000,0.000000,-nan,0.000000,0.000000,-nan,0.000000,507678.592000
dense_mlp,test1,4164.218000,0.000000,0.000000,192.769000,0.000000,0.000000,192.769000,405.277832,405.277832,0.000000,-nan,0.000000,0.000000,-nan,0.000000,507678.592000
attention_norm,test1,236.435000,0.000000,0.000000,0.000000,0.000000,0.000000,0.000000,-nan,0.000000,0.000000,-nan,0.000000,0.000000,-nan,0.000000,507678.592000
attention_layer,test1,2910.067000,0.000000,0.000000,192.769000,0.000000,0.000000,192.769000,405.277832,405.277832,0.000000,-nan,0.000000,0.000000,-nan,0.000000,507678.592000
mlp_norm,test1,236.208000,0.000000,0.000000,0.000000,0.000000,0.000000,0.000000,-nan,0.000000,0.000000,-nan,0.000000,0.000000,-nan,0.000000,507678.592000
dense_mlp,test1,4164.218000,0.000000,0.000000,192.769000,0.000000,0.000000,192.769000,405.277832,405.277832,0.000000,-nan,0.000000,0.000000,-nan,0.000000,507678.592000
attention_norm,test1,236.435000,0.000000,0.000000,0.000000,0.000000,0.000000,0.000000,-nan,0.000000,0.000000,-nan,0.000000,0.000000,-nan,0.000000,507678.592000
attention_layer,test1,2910.067000,0.000000,0.000000,192.769000,0.000000,0.000000,192.769000,405.277832,405.277832,0.000000,-nan,0.000000,0.000000,-nan,0.000000,507678.592000
mlp_norm,test1,236.208000,0.000000,0.000000,0.000000,0.000000,0.000000,0.000000,-nan,0.000000,0.000000,-nan,0.000000,0.000000,-nan,0.000000,507678.592000
dense_mlp,test1,4164.218000,0.000000,0.000000,192.769000,0.000000,0.000000,192.769000,405.277832,405.277832,0.000000,-nan,0.000000,0.000000,-nan,0.000000,507678.592000
attention_norm,test1,236.435000,0.000000,0.000000,0.000000,0.000000,0.000000,0.000000,-nan,0.000000,0.000000,-nan,0.000000,0.000000,-nan,0.000000,507678.592000
attention_layer,test1,2910.067000,0.000000,0.000000,192.769000,0.000000,0.000000,192.769000,405.277832,405.277832,0.000000,-nan,0.000000,0.000000,-nan,0.000000,507678.592000
mlp_norm,test1,236.208000,0.000000,0.000000,0.000000,0.000000,0.000000,0.000000,-nan,0.000000,0.000000,-nan,0.000000,0.000000,-nan,0.000000,507678.592000
dense_mlp,test1,4164.218000,0.000000,0.000000,192.769000,0.000000,0.000000,192.769000,405.277832,405.277832,0.000000,-nan,0.000000,0.000000,-nan,0.000000,507678.592000
attention_norm,test1,236.435000,0.000000,0.000000,0.000000,0.000000,0.000000,0.000000,-nan,0.000000,0.000000,-nan,0.000000,0.000000,-nan,0.000000,507678.592000
attention_layer,test1,2910.067000,0.000000,0.000000,192.769000,0.000000,0.000000,192.769000,405.277832,405.277832,0.000000,-nan,0.000000,0.000000,-nan,0.000000,507678.592000
mlp_norm,test1,236.208000,0.000000,0.000000,0.000000,0.000000,0.000000,0.000000,-nan,0.000000,0.000000,-nan,0.000000,0.000000,-nan,0.000000,507678.592000
dense_mlp,test1,4164.218000,0.000000,0.000000,192.769000,0.000000,0.000000,192.769000,405.277832,405.277832,0.000000,-nan,0.000000,0.000000,-nan,0.000000,507678.592000
attention_norm,test1,236.435000,0.000000,0.000000,0.000000,0.000000,0.000000,0.000000,-nan,0.000000,0.000000,-nan,0.000000,0.000000,-nan,0.000000,507678.592000
attention_layer,test1,2910.067000,0.000000,0.000000,192.769000,0.000000,0.000000,192.769000,405.277832,405.277832,0.000000,-nan,0.000000,0.000000,-nan,0.000000,507678.592000
mlp_norm,test1,236.208000,0.000000,0.000000,0.000000,0.000000,0.000000,0.000000,-nan,0.000000,0.000000,-nan,0.000000,0.000000,-nan,0.000000,507678.592000
dense_mlp,test1,4164.218000,0.000000,0.000000,192.769000,0.000000,0.000000,192.769000,405.277832,405.277832,0.000000,-nan,0.000000,0.000000,-nan,0.000000,507678.592000
attention_norm,test1,236.435000,0.000000,0.000000,0.000000,0.000000,0.000000,0.000000,-nan,0.000000,0.000000,-nan,0.000000,0.000000,-nan,0.000000,507678.592000
attention_layer,test1,2910.067000,0.000000,0.000000,192.769000,0.000000,0.000000,192.769000,405.277832,405.277832,0.000000,-nan,0.000000,0.000000,-nan,0.000000,507678.592000
mlp_norm,test1,236.208000,0.000000,0.000000,0.000000,0.000000,0.000000,0.000000,-nan,0.000000,0.000000,-nan,0.000000,0.000000,-nan,0.000000,507678.592000
dense_mlp,test1,4164.218000,0.000000,0.000000,192.769000,0.000000,0.000000,192.769000,405.277832,405.277832,0.000000,-nan,0.000000,0.000000,-nan,0.000000,507678.592000
attention_norm,test1,236.435000,0.000000,0.000000,0.000000,0.000000,0.000000,0.000000,-nan,0.000000,0.000000,-nan,0.000000,0.000000,-nan,0.000000,507678.592000
attention_layer,test1,2910.067000,0.000000,0.000000,192.769000,0.000000,0.000000,192.769000,405.277832,405.277832,0.000000,-nan,0.000000,0.000000,-nan,0.000000,507678.592000
mlp_norm,test1,236.208000,0.000000,0.000000,0.000000,0.000000,0.000000,0.000000,-nan,0.000000,0.000000,-nan,0.000000,0.000000,-nan,0.000000,507678.592000
dense_mlp,test1,4164.218000,0.000000,0.000000,192.769000,0.000000,0.000000,192.769000,405.277832,405.277832,0.000000,-nan,0.000000,0.000000,-nan,0.000000,507678.592000
attention_norm,test1,236.435000,0.000000,0.000000,0.000000,0.000000,0.000000,0.000000,-nan,0.000000,0.000000,-nan,0.000000,0.000000,-nan,0.000000,507678.592000
attention_layer,test1,2910.067000,0.000000,0.000000,192.769000,0.000000,0.000000,192.769000,405.277832,405.277832,0.000000,-nan,0.000000,0.000000,-nan,0.000000,507678.592000
mlp_norm,test1,236.208000,0.000000,0.000000,0.000000,0.000000,0.000000,0.000000,-nan,0.000000,0.000000,-nan,0.000000,0.000000,-nan,0.000000,507678.592000
dense_mlp,test1,4164.218000,0.000000,0.000000,192.769000,0.000000,0.000000,192.769000,405.277832,405.277832,0.000000,-nan,0.000000,0.000000,-nan,0.000000,507678.592000
attention_norm,test1,236.435000,0.000000,0.000000,0.000000,0.000000,0.000000,0.000000,-nan,0.000000,0.000000,-nan,0.000000,0.000000,-nan,0.000000,507678.592000
attention_layer,test1,2910.067000,0.000000,0.000000,192.769000,0.000000,0.000000,192.769000,405.277832,405.277832,0.000000,-nan,0.000000,0.000000,-nan,0.000000,507678.592000
mlp_norm,test1,236.208000,0.000000,0.000000,0.000000,0.000000,0.000000,0.000000,-nan,0.000000,0.000000,-nan,0.000000,0.000000,-nan,0.000000,507678.592000
dense_mlp,test1,4164.218000,0.000000,0.000000,192.769000,0.000000,0.000000,192.769000,405.277832,405.277832,0.000000,-nan,0.000000,0.000000,-nan,0.000000,507678.592000
attention_norm,test1,236.435000,0.000000,0.000000,0.000000,0.000000,0.000000,0.000000,-nan,0.000000,0.000000,-nan,0.000000,0.000000,-nan,0.000000,507678.592000
attention_layer,test1,2910.067000,0.000000,0.000000,192.769000,0.000000,0.000000,192.769000,405.277832,405.277832,0.000000,-nan,0.000000,0.000000,-nan,0.000000,507678.592000
mlp_norm,test1,236.208000,0.000000,0.000000,0.000000,0.000000,0.000000,0.000000,-nan,0.000000,0.000000,-nan,0.000000,0.000000,-nan,0.000000,507678.592000
dense_mlp,test1,4164.218000,0.000000,0.000000,192.769000,0.000000,0.000000,192.769000,405.277832,405.277832,0.000000,-nan,0.000000,0.000000,-nan,0.000000,507678.592000
attention_norm,test1,236.435000,0.000000,0.000000,0.000000,0.000000,0.000000,0.000000,-nan,0.000000,0.000000,-nan,0.000000,0.000000,-nan,0.000000,507678.592000
attention_layer,test1,2910.067000,0.000000,0.000000,192.769000,0.000000,0.000000,192.769000,405.277832,405.277832,0.000000,-nan,0.000000,0.000000,-nan,0.000000,507678.592000
mlp_norm,test1,236.208000,0.000000,0.000000,0.000000,0.000000,0.000000,0.000000,-nan,0.000000,0.000000,-nan,0.000000,0.000000,-nan,0.000000,507678.592000
dense_mlp,test1,4164.218000,0.000000,0.000000,192.769000,0.000000,0.000000,192.769000,405.277832,405.277832,0.000000,-nan,0.000000,0.000000,-nan,0.000000,507678.592000
attention_norm,test1,236.435000,0.000000,0.000000,0.000000,0.000000,0.000000,0.000000,-nan,0.000000,0.000000,-nan,0.000000,0.000000,-nan,0.000000,507678.592000
attention_layer,test1,2910.067000,0.000000,0.000000,192.769000,0.000000,0.000000,192.769000,405.277832,405.277832,0.000000,-nan,0.000000,0.000000,-nan,0.000000,507678.592000
mlp_norm,test1,236.208000,0.000000,0.000000,0.000000,0.000000,0.000000,0.000000,-nan,0.000000,0.000000,-nan,0.000000,0.000000,-nan,0.000000,507678.592000
dense_mlp,test1,4164.218000,0.000000,0.000000,192.769000,0.000000,0.000000,192.769000,405.277832,405.277832,0.000000,-nan,0.000000,0.000000,-nan,0.000000,507678.592000
attention_norm,test1,236.435000,0.000000,0.000000,0.000000,0.000000,0.000000,0.000000,-nan,0.000000,0.000000,-nan,0.000000,0.000000,-nan,0.000000,507678.592000
attention_layer,test1,2910.067000,0.000000,0.000000,192.769000,0.000000,0.000000,192.769000,405.277832,405.277832,0.000000,-nan,0.000000,0.000000,-nan,0.000000,507678.592000
mlp_norm,test1,236.208000,0.000000,0.000000,0.000000,0.000000,0.000000,0.000000,-nan,0.000000,0.000000,-nan,0.000000,0.000000,-nan,0.000000,507678.592000
dense_mlp,test1,4164.218000,0.000000,0.000000,192.769000,0.000000,0.000000,192.769000,405.277832,405.277832,0.000000,-nan,0.000000,0.000000,-nan,0.000000,507678.592000
attention_norm,test1,236.435000,0.000000,0.000000,0.000000,0.000000,0.000000,0.000000,-nan,0.000000,0.000000,-nan,0.000000,0.000000,-nan,0.000000,507678.592000
attention_layer,test1,2910.067000,0.000000,0.000000,192.769000,0.000000,0.000000,192.769000,405.277832,405.277832,0.000000,-nan,0.000000,0.000000,-nan,0.000000,507678.592000
mlp_norm,test1,236.208000,0.000000,0.000000,0.000000,0.000000,0.000000,0.000000,-nan,0.000000,0.000000,-nan,0.000000,0.000000,-nan,0.000000,507678.592000
dense_mlp,test1,4164.218000,0.000000,0.000000,192.769000,0.000000,0.000000,192.769000,405.277832,405.277832,0.000000,-nan,0.000000,0.000000,-nan,0.000000,507678.592000
attention_norm,test1,236.435000,0.000000,0.000000,0.000000,0.000000,0.000000,0.000000,-nan,0.000000,0.000000,-nan,0.000000,0.000000,-nan,0.000000,507678.592000
attention_layer,test1,2910.067000,0.000000,0.000000,192.769000,0.000000,0.000000,192.769000,405.277832,405.277832,0.000000,-nan,0.000000,0.000000,-nan,0.000000,507678.592000
mlp_norm,test1,236.208000,0.000000,0.000000,0.000000,0.000000,0.000000,0.000000,-nan,0.000000,0.000000,-nan,0.000000,0.000000,-nan,0.000000,507678.592000
dense_mlp,test1,4164.218000,0.000000,0.000000,192.769000,0.000000,0.000000,192.769000,405.277832,405.277832,0.000000,-nan,0.000000,0.000000,-nan,0.000000,507678.592000
attention_norm,test1,236.435000,0.000000,0.000000,0.000000,0.000000,0.000000,0.000000,-nan,0.000000,0.000000,-nan,0.000000,0.000000,-nan,0.000000,507678.592000
attention_layer,test1,2910.067000,0.000000,0.000000,192.769000,0.000000,0.000000,192.769000,405.277832,405.277832,0.000000,-nan,0.000000,0.000000,-nan,0.000000,507678.592000
mlp_norm,test1,236.208000,0.000000,0.000000,0.000000,0.000000,0.000000,0.000000,-nan,0.000000,0.000000,-nan,0.000000,0.000000,-nan,0.000000,507678.592000
dense_mlp,test1,4164.218000,0.000000,0.000000,192.769000,0.000000,0.000000,192.769000,405.277832,405.277832,0.000000,-nan,0.000000,0.000000,-nan,0.000000,507678.592000
attention_norm,test1,236.435000,0.000000,0.000000,0.000000,0.000000,0.000000,0.000000,-nan,0.000000,0.000000,-nan,0.000000,0.000000,-nan,0.000000,507678.592000
attention_layer,test1,2910.067000,0.000000,0.000000,192.769000,0.000000,0.000000,192.769000,405.277832,405.277832,0.000000,-nan,0.000000,0.000000,-nan,0.000000,507678.592000
mlp_norm,test1,236.208000,0.000000,0.000000,0.000000,0.000000,0.000000,0.000000,-nan,0.000000,0.000000,-nan,0.000000,0.000000,-nan,0.000000,507678.592000
dense_mlp,test1,4164.218000,0.000000,0.000000,192.769000,0.000000,0.000000,192.769000,405.277832,405.277832,0.000000,-nan,0.000000,0.000000,-nan,0.000000,507678.592000
attention_norm,test1,236.435000,0.000000,0.000000,0.000000,0.000000,0.000000,0.000000,-nan,0.000000,0.000000,-nan,0.000000,0.000000,-nan,0.000000,507678.592000
attention_layer,test1,2910.067000,0.000000,0.000000,192.769000,0.000000,0.000000,192.769000,405.277832,405.277832,0.000000,-nan,0.000000,0.000000,-nan,0.000000,507678.592000
mlp_norm,test1,236.208000,0.000000,0.000000,0.000000,0.000000,0.000000,0.000000,-nan,0.000000,0.000000,-nan,0.000000,0.000000,-nan,0.000000,507678.592000
dense_mlp,test1,4164.218000,0.000000,0.000000,192.769000,0.000000,0.000000,192.769000,405.277832,405.277832,0.000000,-nan,0.000000,0.000000,-nan,0.000000,507678.592000
attention_norm,test1,236.435000,0.000000,0.000000,0.000000,0.000000,0.000000,0.000000,-nan,0.000000,0.000000,-nan,0.000000,0.000000,-nan,0.000000,507678.592000
attention_layer,test1,2910.067000,0.000000,0.000000,192.769000,0.000000,0.000000,192.769000,405.277832,405.277832,0.000000,-nan,0.000000,0.000000,-nan,0.000000,507678.592000
mlp_norm,test1,236.208000,0.000000,0.000000,0.000000,0.000000,0.000000,0.000000,-nan,0.000000,0.000000,-nan,0.000000,0.000000,-nan,0.000000,507678.592000
dense_mlp,test1,4164.218000,0.000000,0.000000,192.769000,0.000000,0.000000,192.769000,405.277832,405.277832,0.000000,-nan,0.000000,0.000000,-nan,0.000000,507678.592000
attention_norm,test1,236.435000,0.000000,0.000000,0.000000,0.000000,0.000000,0.000000,-nan,0.000000,0.000000,-nan,0.000000,0.000000,-nan,0.000000,507678.592000
attention_layer,test1,2910.067000,0.000000,0.000000,192.769000,0.000000,0.000000,192.769000,405.277832,405.277832,0.000000,-nan,0.000000,0.000000,-nan,0.000000,507678.592000
mlp_norm,test1,236.208000,0.000000,0.000000,0.000000,0.000000,0.000000,0.000000,-nan,0.000000,0.000000,-nan,0.000000,0.000000,-nan,0.000000,507678.592000
dense_mlp,test1,4164.218000,0.000000,0.000000,192.769000,0.000000,0.000000,192.769000,405.277832,405.277832,0.000000,-nan,0.000000,0.000000,-nan,0.000000,507678.592000
attention_norm,test1,236.435000,0.000000,0.000000,0.000000,0.000000,0.000000,0.000000,-nan,0.000000,0.000000,-nan,0.000000,0.000000,-nan,0.000000,507678.592000
attention_layer,test1,2910.067000,0.000000,0.000000,192.769000,0.000000,0.000000,192.769000,405.277832,405.277832,0.000000,-nan,0.000000,0.000000,-nan,0.000000,507678.592000
mlp_norm,test1,236.208000,0.000000,0.000000,0.000000,0.000000,0.000000,0.000000,-nan,0.000000,0.000000,-nan,0.000000,0.000000,-nan,0.000000,507678.592000
dense_mlp,test1,4164.218000,0.000000,0.000000,192.769000,0.000000,0.000000,192.769000,405.277832,405.277832,0.000000,-nan,0.000000,0.000000,-nan,0.000000,507678.592000
attention_norm,test1,236.435000,0.000000,0.000000,0.000000,0.000000,0.000000,0.000000,-nan,0.000000,0.000000,-nan,0.000000,0.000000,-nan,0.000000,507678.592000
attention_layer,test1,2910.067000,0.000000,0.000000,192.769000,0.000000,0.000000,192.769000,405.277832,405.277832,0.000000,-nan,0.000000,0.000000,-nan,0.000000,507678.592000
mlp_norm,test1,236.208000,0.000000,0.000000,0.000000,0.000000,0.000000,0.000000,-nan,0.000000,0.000000,-nan,0.000000,0.000000,-nan,0.000000,507678.592000
dense_mlp,test1,4164.218000,0.000000,0.000000,192.769000,0.000000,0.000000,192.769000,405.277832,405.277832,0.000000,-nan,0.000000,0.000000,-nan,0.000000,507678.592000
attention_norm,test1,236.435000,0.000000,0.000000,0.000000,0.000000,0.000000,0.000000,-nan,0.000000,0.000000,-nan,0.000000,0.000000,-nan,0.000000,507678.592000
attention_layer,test1,2910.067000,0.000000,0.000000,192.769000,0.000000,0.000000,192.769000,405.277832,405.277832,0.000000,-nan,0.000000,0.000000,-nan,0.000000,507678.592000
mlp_norm,test1,236.208000,0.000000,0.000000,0.000000,0.000000,0.000000,0.000000,-nan,0.000000,0.000000,-nan,0.000000,0.000000,-nan,0.000000,507678.592000
dense_mlp,test1,4164.218000,0.000000,0.000000,192.769000,0.000000,0.000000,192.769000,405.277832,405.277832,0.000000,-nan,0.000000,0.000000,-nan,0.000000,507678.592000
SUM,test1,483003.392000,0.000000,0.000000,24674.432000,0.000000,0.000000,24674.432000,NONE,NONE,0.000000,NONE,NONE,0.000000,NONE,NONE
total exposed comm,24675.200000,total comp,483003.392000,total time,507678.592000
