scenario	switch_id	port_queue	match_count	first_line	first_qlen	last_line	max_qlen	max_qlen_line
PFCIngressCongestion	48	1:3	53044	315556	60	22197344	407340	21971758
PFCIngressCongestion	48	2:3	46718	314957	60	22191626	407340	21939250
PFCIngressCongestion	48	3:3	40766	308070	60	22438756	325872	22382688
PFCIngressCongestion	48	4:3	33507	3964354	60	22384244	325872	22355537
PFCIngressCongestion	48	5:3	20535	733511	60	22684679	137036	12131624
PFCIngressCongestion	48	6:3	28154	594018	60	22621841	173068	12049101
PFCIngressCongestion	48	7:3	59735	1360092	60	22685469	199864	2953015
PFCIngressCongestion	48	8:3	52710	308945	60	22622607	181040	2893157
PFCIngressCongestion	48	9:3	52288	303760	60	22837079	217248	17808151
PFCIngressCongestion	48	10:3	35812	2689278	60	22786151	145072	2858507
PFCIngressCongestion	48	11:3	27414	4053325	60	22837633	135780	12104513
PFCIngressCongestion	48	12:3	27426	2733955	60	22786849	172288	12062815
PFCIngressCongestion	48	13:3	28205	2687770	60	21810504	407340	21020358
PFCIngressCongestion	48	14:3	33905	1695262	60	21788028	407340	20980317
PFCIngressCongestion	48	15:3	41084	1913827	60	21969226	416392	21869572
PFCIngressCongestion	48	16:3	25721	949660	60	21935591	407340	21701153
PFCIngressCongestion	48	17:3	149734	16743	9052	14968985	2464664	295468
PFCIngressCongestion	49	1:3	47028	307118	60	22147334	407340	21934351
PFCIngressCongestion	49	2:3	46296	632689	60	22181052	407340	21950349
PFCIngressCongestion	49	3:3	34652	701362	60	22342285	325872	22309119
PFCIngressCongestion	49	4:3	26500	2677735	60	22386053	325872	22344759
PFCIngressCongestion	49	5:3	28222	316756	60	22554325	203272	12093220
PFCIngressCongestion	49	6:3	20078	541038	60	22624374	117976	12122906
PFCIngressCongestion	49	7:3	44871	701604	60	22555092	181820	2895868
PFCIngressCongestion	49	8:3	52169	1423292	60	22625138	199804	2952585
PFCIngressCongestion	49	9:3	44220	303622	60	22718615	172348	2856627
PFCIngressCongestion	49	10:3	51997	311803	60	22788641	181520	2804773
PFCIngressCongestion	49	11:3	27418	1682396	60	22719356	220956	12101808
PFCIngressCongestion	49	12:3	27534	4053203	60	22789379	126728	12139270
PFCIngressCongestion	49	13:3	34730	610754	60	21792878	407340	20989019
PFCIngressCongestion	49	14:3	34575	1571316	60	21804466	407340	21007170
PFCIngressCongestion	49	15:3	33877	2659321	60	21929949	407340	21708572
PFCIngressCongestion	49	16:3	40420	316402	60	21947167	407340	21728078
PFCIngressCongestion	49	17:3	149873	16776	9052	14966338	2464664	295508
PFCIngressCongestion	50	1:3	30073	298362	60	14966540	7464	5747791
PFCIngressCongestion	50	2:3	30112	298360	60	14969535	7056	5849787
SingleLinkError	48	1:3	15301	644691	60	5516820	181880	5191285
SingleLinkError	48	2:3	15324	16137	60	5304937	317360	5092718
SingleLinkError	48	3:3	14788	1022577	9052	5584883	226300	5269606
SingleLinkError	48	4:3	14168	772801	60	5872966	235892	5525571
SingleLinkError	48	5:3	18791	1090544	60	5696681	353028	5565964
SingleLinkError	48	6:3	17583	21139	60	5927476	316820	5563622
SingleLinkError	48	7:3	15232	17489	60	5850120	118872	2049263
SingleLinkError	48	8:3	18237	18649	60	5983778	316820	5875183
SingleLinkError	48	9:3	17424	14355	60	5851266	262508	2188307
SingleLinkError	48	10:3	20074	123894	60	6022215	271620	2180044
SingleLinkError	48	11:3	22054	97906	60	5957552	289664	2182057
SingleLinkError	48	12:3	23919	687357	60	6047698	289904	2184287
SingleLinkError	48	13:3	15216	20793	60	5958635	63364	2045829
SingleLinkError	48	14:3	19831	961816	60	6063920	145252	3038290
SingleLinkError	48	15:3	16177	158102	60	5518098	72896	4337879
SingleLinkError	48	16:3	16553	29243	60	6064599	64560	1932554
SingleLinkError	48	17:3	151796	485	9052	2221612	2464664	10147
SingleLinkError	49	1:3	15367	20679	60	5710473	231088	5150520
SingleLinkError	49	2:3	14687	637411	2180	5651484	226840	5088176
SingleLinkError	49	3:3	15053	415852	60	5804093	235832	5274120
SingleLinkError	49	4:3	15247	16465	60	5707790	226300	5286088
SingleLinkError	49	5:3	18718	16971	60	5767749	226300	5509786
SingleLinkError	49	6:3	18263	1033223	60	5772416	325872	5699173
SingleLinkError	49	7:3	18613	1058564	60	5874970	199144	1986637
SingleLinkError	49	8:3	16841	50274	60	5918895	126728	2083382
SingleLinkError	49	9:3	19501	14586	60	5875008	264900	2196815
SingleLinkError	49	10:3	19174	18468	60	5920118	271800	2179746
SingleLinkError	49	11:3	23203	1017716	60	5947582	272876	2193045
SingleLinkError	49	12:3	23159	1003784	60	6015523	292776	2202685
SingleLinkError	49	13:3	19137	157792	60	5981051	90640	2051693
SingleLinkError	49	14:3	15642	600643	60	6016102	54672	4979022
SingleLinkError	49	15:3	14854	21771	60	5711395	63364	1287874
SingleLinkError	49	16:3	17066	669986	60	5651135	58980	4405017
SingleLinkError	49	17:3	151331	518	9052	2221418	2464664	10187
